code,depth,name,parent_code
AC030400,3,홈스테이,AC03
AC050100,3,일반야영장,AC05
AC050200,3,오토캠핑장,AC05
AC050300,3,카라반,AC05
AC050400,3,글램핑장,AC05
AC060100,3,유스호스텔,AC06
AC060200,3,게스트하우스,AC06
C0112,2,가족코스,C01
C0113,2,나홀로코스,C01
C0114,2,힐링코스,C01
C0115,2,도보코스,C01
C0116,2,캠핑코스,C01
C0117,2,맛코스,C01
C01120001,3,가족코스,C0112
C01130001,3,나홀로코스,C0113
C01140001,3,힐링코스,C0114
C01150001,3,도보코스,C0115
C01160001,3,캠핑코스,C0116
C01170001,3,맛코스,C0117
EV01,2,축제,EV
EV02,2,공연,EV
EV03,2,행사,EV
EV010100,3,문화관광축제,EV01
EV010200,3,문화예술축제,EV01
EV010300,3,지역특산물축제,EV01
EV010400,3,전통역사축제,EV01
EV010500,3,생태자연축제,EV01
EV010600,3,기타축제,EV01
EV020100,3,전통공연,EV02
EV020200,3,연극,EV02
EV020300,3,뮤지컬,EV02
EV020400,3,오페라,EV02
EV020500,3,무용,EV02
EV020600,3,클래식음악회,EV02
EV020700,3,대중콘서트,EV02
EV020800,3,영화,EV02
EV020900,3,기타공연,EV02
EV021000,3,넌버벌,EV02
EV030100,3,전시회,EV03
EV030200,3,박람회,EV03
EV030300,3,스포츠경기,EV03
EV030400,3,기타행사,EV03
EX01,2,전통체험,EX
EX02,2,공예체험,EX
EX03,2,농.산.어촌 체험,EX
EX04,2,산사체험,EX
EX05,2,웰니스관광,EX
EX06,2,산업관광,EX
EX07,2,기타체험,EX
EX010100,3,전통문화체험,EX01
EX020100,3,금속공예체험,EX02
EX020200,3,유리공예체험,EX02
EX020300,3,가죽공예체험,EX02
EX020400,3,기타공예체험,EX02
EX030100,3,체험마을,EX03
EX030200,3,체험목장,EX03
EX030300,3,체험농장,EX03
EX030400,3,체험어장,EX03
EX040100,3,템플스테이,EX04
EX040200,3,사찰문화체험,EX04
EX050100,3,온천 / 사우나 / 스파,EX05
EX050200,3,찜질방,EX05
EX050300,3,한방체험,EX05
EX050400,3,힐링명상,EX05
EX050500,3,뷰티스파,EX05
EX050600,3,기타웰니스,EX05
EX050700,3,자연치유,EX05
EX050800,3,기타의료관광,EX05
EX060100,3,근대산업유산,EX06
EX060200,3,게임 등 첨단IT산업,EX06
EX060300,3,전통/향토산업,EX06
EX060400,3,문화콘텐츠산업,EX06
EX060500,3,장수기업/산업테마거리,EX06
EX060600,3,자동차/조선/철강 등,EX06
EX060700,3,로봇/항공우주산업,EX06
EX060800,3,화장품/주류/먹거리,EX06
EX060900,3,친환경/신재생에너지,EX06
EX061000,3,기타산업관광지,EX06
EX070100,3,유람선/잠수함관광,EX07
EX070200,3,기타체험관광,EX07
FD01,2,한식,FD
FD02,2,외국식,FD
FD03,2,간이음식,FD
FD04,2,주점,FD
FD05,2,카페/ 찻집,FD
FD010100,3,관광식당,FD01
FD010200,3,모범음식점,FD01
FD020100,3,중식,FD02
FD020200,3,일식,FD02
FD020300,3,서양식,FD02
FD020400,3,기타외국식,FD02
FD020500,3,퓨전음식,FD02
FD030100,3,제과,FD03
FD030200,3,"피자, 햄버거, 샌드위치 및 유사음식",FD03
FD030300,3,치킨,FD03
FD030400,3,김밥 분식,FD03
FD030500,3,이동음식,FD03
FD030600,3,기타간이음식,FD03
FD040100,3,바/펍,FD04
FD040200,3,생맥주전문점,FD04
FD040300,3,클럽,FD04
FD040400,3,전통주/민속주점,FD04
FD040500,3,기타주점,FD04
FD050100,3,카페,FD05
FD050200,3,찻집,FD05
FD050300,3,기타음료점,FD05
HS01,2,역사유적지,HS
HS02,2,역사유물,HS
HS03,2,종교성지,HS
HS04,2,안보관광지,HS
HS010100,3,고궁,HS01
HS010200,3,성ㆍ산성ㆍ성곽,HS01
HS010300,3,문,HS01
HS010400,3,고택,HS01
HS010500,3,생가,HS01
HS010600,3,민속마을,HS01
HS010700,3,사적지,HS01
HS010800,3,"고분, 능",HS01
HS010900,3,사당,HS01
HS011000,3,선사유적지,HS01
HS011100,3,근대건축물,HS01
HS011200,3,기타역사유적지,HS01
HS020100,3,탑ㆍ비석ㆍ기념탑,HS02
HS020200,3,선사유물,HS02
HS020300,3,불상,HS02
HS020400,3,기타역사유물,HS02
HS030100,3,불교,HS03
HS030200,3,기독교,HS03
HS030300,3,이슬람,HS03
HS030400,3,기타 종교성지,HS03
HS040100,3,안보유적지,HS04
HS040200,3,안보관광시설,HS04
HS040300,3,북한관광지,HS04
HS040400,3,기타안보관광지,HS04
LS01,2,육상레저스포츠,LS
LS02,2,수상레저스포츠,LS
LS03,2,항공레저스포츠,LS
LS04,2,복합레저스포츠,LS
LS010100,3,인라인(실내 인라인 포함),LS01
LS010200,3,자전거하이킹,LS01
LS010300,3,카트,LS01
LS010400,3,골프,LS01
LS010500,3,경마,LS01
LS010600,3,경륜,LS01
LS010700,3,승마,LS01
LS010800,3,스키/스노보드,LS01
LS010900,3,스케이트,LS01
LS011000,3,썰매장,LS01
LS011100,3,수렵장,LS01
LS011200,3,사격장,LS01
LS011300,3,암벽등반,LS01
LS011400,3,서바이벌게임,LS01
LS011500,3,ATV,LS01
LS011600,3,MTB,LS01
LS011700,3,오프로드,LS01
LS011800,3,번지점프,LS01
LS011900,3,기타육상레저스포츠,LS01
LS020100,3,윈드서핑/제트스키,LS02
LS020200,3,카약/카누,LS02
LS020300,3,요트,LS02
LS020400,3,스노쿨링/스킨스쿠버다이빙,LS02
LS020500,3,민물낚시,LS02
LS020600,3,바다낚시,LS02
LS020700,3,수영,LS02
AC,1,숙박,
C01,1,추천코스,
EV,1,축제/공연/행사,
EX,1,체험관광,
FD,1,음식,
HS,1,역사관광,
LS,1,레저스포츠,
NA,1,자연관광,
SH,1,쇼핑,
VE,1,문화관광,
AC01,2,호텔,AC
AC02,2,콘도미니엄,AC
AC03,2,펜션/민박,AC
AC04,2,모텔,AC
AC05,2,캠핑,AC
AC06,2,호스텔,AC
AC010100,3,호텔,AC01
AC020100,3,콘도,AC02
AC020200,3,레지던스,AC02
AC030100,3,펜션,AC03
AC030200,3,한옥스테이,AC03
AC030300,3,농어촌민박,AC03
AC040100,3,모텔,AC04
LS020800,3,래프팅,LS02
LS020900,3,수상오토바이,LS02
LS021000,3,수상자전거,LS02
LS021100,3,조정,LS02
LS021200,3,워터슬레드,LS02
LS021300,3,패러세일,LS02
LS021400,3,기타수상레저스포츠,LS02
LS030100,3,스카이다이빙,LS03
LS030200,3,초경량비행,LS03
LS030300,3,헹글라이딩/패러글라이딩,LS03
LS030400,3,열기구,LS03
LS030500,3,무인비행장치(드론),LS03
LS030600,3,기타항공레저스포츠,LS03
LS040100,3,복합레저스포츠,LS04
NA01,2,자연경관(산),NA
NA02,2,자연경관(하천‧해양),NA
NA03,2,자연생태,NA
NA04,2,자연공원,NA
NA05,2,기타자연관광,NA
NA010100,3,"산, 고개, 오름, 봉우리",NA01
NA010200,3,숲,NA01
NA010300,3,폭포,NA01
NA010400,3,계곡,NA01
NA010500,3,약수터,NA01
NA020100,3,강,NA02
NA020200,3,호수,NA02
NA020300,3,저수지,NA02
NA020400,3,연못·늪,NA02
NA020500,3,섬,NA02
NA020600,3,염전,NA02
NA020700,3,항구/포구,NA02
NA020800,3,해안절경,NA02
NA020900,3,해변. 해수욕장,NA02
NA030100,3,동굴,NA03
NA030200,3,희귀동.식물,NA03
NA030300,3,기암괴석,NA03
NA030400,3,생태습지,NA03
NA030500,3,기타자연생태,NA03
NA040100,3,국립공원,NA04
NA040200,3,도립공원,NA04
NA040300,3,군립공원,NA04
NA040400,3,지질공원,NA04
NA040500,3,생태관광지,NA04
NA040600,3,자연휴양림,NA04
NA040700,3,수목원ㆍ정원,NA04
NA050100,3,기타자연관광,NA05
SH01,2,백화점,SH
SH02,2,쇼핑몰,SH
SH03,2,대형마트,SH
SH04,2,면세점,SH
SH05,2,전문매장/상가,SH
SH06,2,시장,SH
SH07,2,기타쇼핑시설,SH
SH010100,3,백화점,SH01
SH020100,3,복합쇼핑몰,SH02
SH020200,3,아웃렛,SH02
SH030100,3,대형마트,SH03
SH040100,3,공항면세점,SH04
SH040200,3,시내면세점,SH04
VE110400,3,여객선터미널,VE11
VE110500,3,고속도로휴게소,VE11
VE110600,3,지하철,VE11
VE120100,3,서점,VE12
VE120200,3,카지노,VE12
VE120300,3,기타문화시설,VE12
SH040300,3,사후면세점,SH04
SH050100,3,공방/공예품점,SH05
SH050200,3,전문상가,SH05
SH050300,3,관광기념품/특산물판매점,SH05
SH060100,3,비상설시장,SH06
SH060200,3,상설시장,SH06
SH070100,3,기타쇼핑시설,SH07
VE01,2,랜드마크관광,VE
VE02,2,테마공원,VE
VE03,2,도시공원,VE
VE04,2,도시.지역문화관광,VE
VE05,2,복합관광시설,VE
VE06,2,공연시설,VE
VE07,2,전시시설,VE
VE08,2,행사시설,VE
VE09,2,교육시설,VE
VE10,2,레저스포츠시설,VE
VE11,2,교통시설,VE
VE12,2,기타문화관광지,VE
VE010100,3,건물,VE01
VE010200,3,타워 / 전망대,VE01
VE010300,3,다리 / 대교,VE01
VE010400,3,분수,VE01
VE010500,3,동상,VE01
VE010600,3,터널,VE01
VE010700,3,댐,VE01
VE010800,3,등대,VE01
VE010900,3,기타 건축/조형물,VE01
VE020100,3,테마파크,VE02
VE020200,3,워터파크,VE02
VE020300,3,동물원,VE02
VE020400,3,수족관 / 아쿠라리움,VE02
VE020500,3,천문대,VE02
VE030100,3,시민공원,VE03
VE030200,3,소공원,VE03
VE030300,3,어린이공원,VE03
VE030400,3,근린공원,VE03
VE030500,3,주제공원,VE03
VE040100,3,"골목길, 문화거리",VE04
VE040200,3,마을관광지,VE04
VE040300,3,둘레길,VE04
VE050100,3,관광단지,VE05
VE050200,3,리조트,VE05
VE060100,3,공연장,VE06
VE060200,3,영화관,VE06
VE070100,3,박물관,VE07
VE070200,3,기념관,VE07
VE070300,3,전시관,VE07
VE070400,3,컨벤션센터,VE07
VE070500,3,과학관,VE07
VE070600,3,미술관/화랑,VE07
VE080600,3,연회장,VE08
VE090100,3,한국문화원,VE09
VE090200,3,외국문화원,VE09
VE090300,3,도서관,VE09
VE090400,3,문화전수시설,VE09
VE090500,3,어학당,VE09
VE090600,3,학교,VE09
VE100100,3,스포츠경기장,VE10
VE100200,3,"스포츠센터, 수련시설",VE10
VE110100,3,공항,VE11
VE110200,3,기차역,VE11
VE110300,3,버스터미널,VE11
